<?xml version="1.0" encoding="UTF-8" standalone="yes"?>
<addon id="plugin.program.fatfarley" name="FatFarley Wizard" version="1.1" provider-name="fatfarley">
  <requires>
    <import addon="xbmc.python" version="2.1.0"/>
  </requires>
  <extension point="xbmc.python.pluginsource" library="default.py">
    <provides>executable</provides>
  </extension>
  <extension point="xbmc.service" library="startup.py" start="startup" />
  <extension point="xbmc.addon.metadata">
    <summary lang="en">OneAlliance Reborn Wizard</summary>
    <description lang="en">FatFarley Wizard for installing and maintaining the latest kodi builds</description>
	<disclaimer lang="en"></disclaimer>
	<news>v1.1 (2019-02-07)</news>
	<platform>all</platform>
	<language>en</language>
	<license>GNU GENERAL PUBLIC LICENSE Version 3</license>
	<email></email>
	<website></website>
  </extension>
</addon>
