<?xml version="1.0" encoding="UTF-8" standalone="yes"?>
<addon id="plugin.video.FatFarley" 
       name="[COLOR blue]No Limits[/COLOR] [COLOR white]Wizard18[/COLOR]" 
       version="1.1" 
       provider-name="FatFarley">
  <requires>
    <import addon="xbmc.python" version="2.1.0"/>
	<import addon="script.module.requests" version="2.9.1"/>
  </requires>
  <extension point="xbmc.python.pluginsource" library="default.py">
    <provides>video executable</provides>
  </extension>
  <extension point="xbmc.service" library="startup.py" start="startup" />
  <extension point="xbmc.addon.metadata">
    <summary lang="en">[COLOR lime]FatFarley Wizard[/COLOR] - [COLOR white]Fuck Yeah![/COLOR]</summary>
    <description lang="en">[B]Best Kodi Builds[/B] for Amazon Firestick / Fire TV / Fire Cube, Android, Nvidia Shield TV, Windows / Mac / Linux Computers, Xbox One, iPhone, iPad and many more.[CR][COLOR blue][CR][COLOR aqua][/COLOR]</description>
    <platform>all</platform>
  </extension>
</addon>
