<?xml version="1.0" encoding="UTF-8" standalone="yes"?>
<addon id="plugin.program.FatFarley" name="FatFarley Wizard" version="1.1" provider-name="FatFarley">
  <requires>
    <import addon="xbmc.python" version="2.1.0"/>
  </requires>
  <extension point="xbmc.python.pluginsource" library="default.py">
    <provides>executable</provides>
  </extension>
  <extension point="xbmc.service" library="startup.py" start="startup" />
  <extension point="xbmc.addon.metadata">
    <summary lang="en">FatFarley Wizard</summary>
    <description lang="en">A wizard to make my life fucking easier.</description>
    <platform>all</platform>
  </extension>
</addon>